{
  "lang":"en",
  "name":"pipeline",
  "version":"0.0.0",
  "spacy_version":">=3.7.5,<3.8.0",
  "description":"",
  "author":"",
  "email":"",
  "url":"",
  "license":"",
  "spacy_git_version":"a6d0fc360",
  "vectors":{
    "width":0,
    "vectors":0,
    "keys":0,
    "name":null,
    "mode":"default"
  },
  "labels":{
    "ner":[
      "BUYER",
      "DATE_OF_ISSUE",
      "Gross_worth",
      "IBAN",
      "INVOICE_NO",
      "Net_worth",
      "SELLER",
      "order_id"
    ]
  },
  "pipeline":[
    "ner"
  ],
  "components":[
    "ner"
  ],
  "disabled":[

  ],
  "performance":{
    "ents_f":0.9297912713,
    "ents_p":0.9423076923,
    "ents_r":0.9176029963,
    "ents_per_type":{
      "INVOICE_NO":{
        "p":0.9743589744,
        "r":1.0,
        "f":0.987012987
      },
      "SELLER":{
        "p":0.8378378378,
        "r":0.8378378378,
        "f":0.8378378378
      },
      "IBAN":{
        "p":0.9722222222,
        "r":0.9722222222,
        "f":0.9722222222
      },
      "DATE_OF_ISSUE":{
        "p":0.9736842105,
        "r":0.9487179487,
        "f":0.961038961
      },
      "Net_worth":{
        "p":0.9230769231,
        "r":0.9473684211,
        "f":0.9350649351
      },
      "Gross_worth":{
        "p":1.0,
        "r":0.9230769231,
        "f":0.96
      },
      "BUYER":{
        "p":0.90625,
        "r":0.7837837838,
        "f":0.8405797101
      },
      "order_id":{
        "p":1.0,
        "r":1.0,
        "f":1.0
      }
    },
    "ner_loss":40.1786452338
  }
}