{
  "lang":"en",
  "name":"pipeline",
  "version":"0.0.0",
  "spacy_version":">=3.7.5,<3.8.0",
  "description":"",
  "author":"",
  "email":"",
  "url":"",
  "license":"",
  "spacy_git_version":"a6d0fc360",
  "vectors":{
    "width":0,
    "vectors":0,
    "keys":0,
    "name":null,
    "mode":"default"
  },
  "labels":{
    "ner":[
      "BUYER",
      "DATE_OF_ISSUE",
      "Gross_worth",
      "IBAN",
      "INVOICE_NO",
      "Net_worth",
      "SELLER",
      "order_id"
    ]
  },
  "pipeline":[
    "ner"
  ],
  "components":[
    "ner"
  ],
  "disabled":[

  ],
  "performance":{
    "ents_f":0.95684803,
    "ents_p":0.9586466165,
    "ents_r":0.9550561798,
    "ents_per_type":{
      "INVOICE_NO":{
        "p":0.9743589744,
        "r":1.0,
        "f":0.987012987
      },
      "SELLER":{
        "p":0.9696969697,
        "r":0.8648648649,
        "f":0.9142857143
      },
      "IBAN":{
        "p":0.9722222222,
        "r":0.9722222222,
        "f":0.9722222222
      },
      "DATE_OF_ISSUE":{
        "p":0.975,
        "r":1.0,
        "f":0.9873417722
      },
      "BUYER":{
        "p":0.9411764706,
        "r":0.8648648649,
        "f":0.9014084507
      },
      "Net_worth":{
        "p":0.9024390244,
        "r":0.9736842105,
        "f":0.9367088608
      },
      "Gross_worth":{
        "p":0.975,
        "r":1.0,
        "f":0.9873417722
      },
      "order_id":{
        "p":1.0,
        "r":1.0,
        "f":1.0
      }
    },
    "ner_loss":27.3152215117
  }
}